<application>
  <component name="com.intellij.ide.ui.customization.CustomActionsSchema">
    <group value="Forward" is_action="true" action_type="1" position="1">
      <path value="root" />
      <path value="主工具栏" />
      <path value="左侧" />
      <path value="常规操作" />
    </group>
    <group value="Back" is_action="true" action_type="1" position="1">
      <path value="root" />
      <path value="主工具栏" />
      <path value="左侧" />
      <path value="常规操作" />
    </group>
    <group value="SaveAll" is_action="true" action_type="1" position="3">
      <path value="root" />
      <path value="主工具栏" />
      <path value="左侧" />
      <path value="常规操作" />
    </group>
  </component>
</application>