<application>
  <component name="LocalizationStateService">
    <option name="selectedLocale" value="zh-CN" />
  </component>
  <component name="Registry">
    <entry key="moved.to.new.ui" value="true" source="SYSTEM" />
    <entry key="ide.experimental.ui" value="true" source="SYSTEM" />
    <entry key="jetbrains.security.package-checker.enablePipEnvTransitiveDependencies" value="false" source="MANAGER" />
    <entry key="jetbrains.security.package-checker.enablePoetryTransitiveDependencies" value="false" source="MANAGER" />
    <entry key="jetbrains.security.package-checker.enableUvTransitiveDependencies" value="false" source="MANAGER" />
    <entry key="jetbrains.security.package-checker.enableVenvTransitiveDependencies" value="false" source="MANAGER" />
    <entry key="jetbrains.security.package-checker.depthLimitOfTransitiveDependencies" value="3" source="MANAGER" />
    <entry key="maven.packagesearch.enabled" value="false" source="MANAGER" />
  </component>
</application>