<keymap version="1" name="Windows 副本" parent="$default">
  <action id="CallInlineCompletionAction">
    <keyboard-shortcut first-keystroke="shift alt back_slash" />
    <keyboard-shortcut first-keystroke="alt right" />
  </action>
  <action id="CommentByBlockComment">
    <keyboard-shortcut first-keystroke="shift ctrl slash" />
    <keyboard-shortcut first-keystroke="shift ctrl divide" />
    <keyboard-shortcut first-keystroke="ctrl d" second-keystroke="ctrl e" />
    <keyboard-shortcut first-keystroke="alt slash" />
  </action>
  <action id="CommentByLineComment">
    <keyboard-shortcut first-keystroke="ctrl slash" />
    <keyboard-shortcut first-keystroke="ctrl divide" />
    <keyboard-shortcut first-keystroke="ctrl d" second-keystroke="ctrl d" />
  </action>
  <action id="Compile">
    <keyboard-shortcut first-keystroke="shift ctrl f9" />
    <keyboard-shortcut first-keystroke="shift f5" />
  </action>
  <action id="CopyElement">
    <keyboard-shortcut first-keystroke="ctrl f5" />
  </action>
  <action id="EditorCompleteStatement">
    <keyboard-shortcut first-keystroke="shift ctrl enter" />
    <keyboard-shortcut first-keystroke="ctrl space" />
  </action>
  <action id="EditorDecreaseFontSizeGlobal" />
  <action id="EditorIncreaseFontSizeGlobal" />
  <action id="EditorScrollToCenter" />
  <action id="ExpandCollapseToggleAction">
    <keyboard-shortcut first-keystroke="ctrl m" second-keystroke="ctrl m" />
  </action>
  <action id="FindInPath" />
  <action id="FindNext">
    <keyboard-shortcut first-keystroke="f3" />
    <keyboard-shortcut first-keystroke="ctrl l" />
    <keyboard-shortcut first-keystroke="shift alt slash" />
  </action>
  <action id="FindPrevious">
    <keyboard-shortcut first-keystroke="shift f3" />
    <keyboard-shortcut first-keystroke="shift ctrl l" />
    <keyboard-shortcut first-keystroke="shift alt comma" />
  </action>
  <action id="FindSelectionInPath" />
  <action id="Graph.RouteEdges" />
  <action id="HippieBackwardCompletion" />
  <action id="HippieCompletion" />
  <action id="InsertInlineCompletionAction">
    <keyboard-shortcut first-keystroke="right" />
    <keyboard-shortcut first-keystroke="tab" />
  </action>
  <action id="Jdbc.OpenEditor.DDL">
    <keyboard-shortcut first-keystroke="ctrl b" />
    <mouse-shortcut keystroke="control button1" />
    <mouse-shortcut keystroke="button2" />
    <keyboard-shortcut first-keystroke="f12" />
  </action>
  <action id="MethodDown">
    <keyboard-shortcut first-keystroke="shift alt down" />
  </action>
  <action id="MethodUp">
    <keyboard-shortcut first-keystroke="shift alt up" />
  </action>
  <action id="MoveLineDown">
    <keyboard-shortcut first-keystroke="shift alt down" />
    <keyboard-shortcut first-keystroke="alt down" />
  </action>
  <action id="MoveLineUp">
    <keyboard-shortcut first-keystroke="shift alt up" />
    <keyboard-shortcut first-keystroke="alt up" />
  </action>
  <action id="NextTab" />
  <action id="PreviousTab" />
  <action id="ReformatCode">
    <keyboard-shortcut first-keystroke="ctrl alt l" />
    <keyboard-shortcut first-keystroke="ctrl k" second-keystroke="ctrl d" />
  </action>
  <action id="ReplaceInPath">
    <keyboard-shortcut first-keystroke="shift ctrl r" />
    <keyboard-shortcut first-keystroke="shift ctrl f" />
  </action>
  <action id="Run">
    <keyboard-shortcut first-keystroke="shift f10" />
    <keyboard-shortcut first-keystroke="f5" />
  </action>
  <action id="SelectAllOccurrences">
    <keyboard-shortcut first-keystroke="shift ctrl alt j" />
    <keyboard-shortcut first-keystroke="alt j" />
  </action>
  <action id="SelectNextOccurrence">
    <keyboard-shortcut first-keystroke="shift alt period" />
  </action>
</keymap>