<application>
  <component name="CodeInsightSettings">
    <option name="selectAutopopupSuggestionsByChars" value="true" />
    <option name="SHOW_PARAMETER_NAME_HINTS_ON_COMPLETION" value="true" />
    <option name="SELECT_AUTOPOPUP_SUGGESTIONS_BY_CHARS" value="true" />
    <option name="SHOW_FULL_SIGNATURES_IN_PARAMETER_INFO" value="true" />
    <option name="CLOSE_COMMENT_ON_ENTER" value="false" />
  </component>
  <component name="CodeVisionSettings">
    <option name="codeVisionGroupToPosition">
      <map>
        <entry key="change.signature" value="Default" />
        <entry key="inheritors" value="Default" />
        <entry key="java.configuration" value="Default" />
        <entry key="problems" value="Default" />
        <entry key="references" value="Default" />
        <entry key="rename" value="Default" />
        <entry key="vcs.code.vision" value="Default" />
      </map>
    </option>
    <option name="defaultPosition" value="Right" />
  </component>
  <component name="DeclarativeInlayHintsSettings">
    <option name="enabledOptions">
      <map>
        <entry key="java.annotation.hints#showExternal" value="true" />
        <entry key="java.annotation.hints#showInferred" value="false" />
        <entry key="kotlin.lambdas.hints#hints.lambda.receivers.parameters" value="false" />
        <entry key="kotlin.lambdas.hints#hints.lambda.return" value="false" />
        <entry key="kotlin.parameters.hints#hints.parameters.compiled" value="true" />
        <entry key="kotlin.parameters.hints#hints.parameters.excluded" value="false" />
        <entry key="kotlin.references.types.hints#hints.type.function.parameter" value="false" />
        <entry key="kotlin.references.types.hints#hints.type.function.return" value="false" />
        <entry key="kotlin.references.types.hints#hints.type.property" value="false" />
        <entry key="kotlin.references.types.hints#hints.type.variable" value="false" />
        <entry key="kotlin.values.hints#hints.value.kotlin.time" value="true" />
        <entry key="kotlin.values.hints#hints.value.ranges" value="true" />
        <entry key="sql.column.names.inlay.hints#sql.show.column.names.for.asterisk" value="true" />
        <entry key="sql.column.names.inlay.hints#sql.show.column.names.for.set.operations" value="true" />
        <entry key="sql.column.names.inlay.hints#sql.show.column.names.in.insert.values" value="true" />
        <entry key="sql.column.names.inlay.hints#sql.show.column.names.in.select" value="true" />
        <entry key="sql.join.cardinality.hints#full.join" value="true" />
        <entry key="sql.join.cardinality.hints#inner.join" value="true" />
        <entry key="sql.join.cardinality.hints#left.join" value="true" />
        <entry key="sql.join.cardinality.hints#right.join" value="true" />
      </map>
    </option>
    <option name="providerIdToEnabled">
      <map>
        <entry key="groovy.implicit.null.argument" value="true" />
        <entry key="groovy.lambda.parameter.inlay.provider" value="true" />
        <entry key="groovy.local.variable.implicit.types" value="true" />
        <entry key="java.annotation.hints" value="true" />
        <entry key="java.implicit.lambdaParameter" value="true" />
        <entry key="java.implicit.types" value="false" />
        <entry key="java.method.chains" value="true" />
        <entry key="kotlin.compiler.plugins.modality" value="true" />
        <entry key="kotlin.compiler.plugins.supertypes" value="true" />
        <entry key="kotlin.default.parameters.hints" value="true" />
        <entry key="kotlin.lambdas.hints" value="false" />
        <entry key="kotlin.method.chains" value="false" />
        <entry key="kotlin.parameters.hints" value="true" />
        <entry key="kotlin.references.types.hints" value="false" />
        <entry key="kotlin.values.hints" value="true" />
        <entry key="maven.pom.model.version.hints" value="true" />
        <entry key="qodana.yaml.inspection.descriptions" value="true" />
        <entry key="sql.column.names.inlay.hints" value="true" />
        <entry key="sql.join.cardinality.hints" value="true" />
      </map>
    </option>
  </component>
  <component name="EditorSettings">
    <option name="VERTICAL_SCROLL_OFFSET" value="0" />
    <option name="HORIZONTAL_SCROLL_OFFSET" value="0" />
    <option name="LINE_NUMERATION" value="HYBRID" />
    <option name="USE_EDITOR_FONT_IN_INLAYS" value="true" />
    <option name="IS_BLOCK_CURSOR" value="true" />
    <option name="IS_FULL_LINE_HEIGHT_CURSOR" value="true" />
    <option name="IS_WHITESPACES_SHOWN" value="true" />
    <option name="IS_ANIMATED_SCROLLING" value="false" />
    <option name="IS_DND_ENABLED" value="false" />
    <option name="IS_WHEEL_FONTCHANGE_ENABLED" value="true" />
  </component>
  <component name="InlineCompletionOnboarding">
    <option name="onboardingFinished" value="true" />
  </component>
  <component name="SqlCodeCompletionSettings" SUGGEST_ALL_OBJECTS="true">
    <option name="suggestAllObjects" value="true" />
  </component>
  <component name="SqlEditorOptions">
    <option name="completionQualification" value="ALWAYS" />
    <option name="dragAndDropQualification" value="ALWAYS" />
    <option name="liveTemplateQualification" value="ALWAYS" />
    <option name="refactoringQualification" value="ALWAYS" />
  </component>
</application>