<application>
  <component name="Trusted.Paths">
    <option name="TRUSTED_PROJECT_PATHS">
      <map>
        <entry key="E:\mcMod__DaZi\neoForge__1.21.1\2026Nm2Yt13Ri__HuJcLqLhUhRf" value="true" />
        <entry key="E:\mcMod__DaZi\neoForge__1.21.1\2026Nm2Yt13Ri__HuJcLqLhUhRf\build.gradle" value="true" />
        <entry key="E:\mcMod__DaZi\neoForge__1.21.1\LightOverlay-1.21.6" value="true" />
        <entry key="E:\mcMod__DaZi\neoForge__1.21.1\LightOverlay-1.21.6\neoforge\src\main" value="true" />
        <entry key="E:\mcMod__DaZi\neoForge__1.21.1\MDK-1.21.1-NeoGradle-main" value="true" />
        <entry key="E:\mcMod__DaZi\neoForge__1.21.1\MDK-1.21.1-NeoGradle-main\build.gradle" value="true" />
        <entry key="E:\mcMod__DaZi\neoForge__1.21.1\No-Hostiles-Around-Campfire-1.21.11" value="true" />
        <entry key="E:\mcMod__DaZi\neoForge__1.21.1\No-Hostiles-Around-Campfire-1.21.11\NeoForge" value="true" />
        <entry key="E:\mcMod__DaZi\neoForge__1.21.1\No-Hostiles-Around-Campfire-1.21.11\build.gradle" value="true" />
        <entry key="E:\mcMod__DaZi\neoForge__1.21.1\TouhouLittleMaid-1.20" value="true" />
        <entry key="E:\mcMod__DaZi\neoForge__1.21.1\TouhouLittleMaid-1.20\src\main\java\com\github\tartaricacid\touhoulittlemaid" value="true" />
        <entry key="E:\mcMod__DaZi\neoForge__1.21.1\TrashSlot-1.21.11" value="true" />
        <entry key="E:\mcMod__DaZi\neoForge__1.21.1\TrashSlot-1.21.11\neoforge" value="true" />
        <entry key="E:\mcMod__DaZi\neoForge__1.21.1\Wandering-Trader-Express-main" value="true" />
        <entry key="E:\mcMod__DaZi\neoForge__1.21.1\Wandering-Trader-Express-main\build.gradle" value="true" />
        <entry key="E:\mcMod__DaZi\neoForge__1.21.1\eyelib-master" value="true" />
        <entry key="E:\neoForge\Touhou-Little-Maid--Beacon-main" value="true" />
        <entry key="E:\neoForge__1.21.1\MDK-1.21.1-NeoGradle-main" value="true" />
        <entry key="E:\neoForge__1.21.1\MDK-1.21.1-NeoGradle-main\build.gradle" value="true" />
        <entry key="E:\neoForge__1.21.1\Touhou-Little-Maid--Beacon-main" value="true" />
        <entry key="E:\neoForge__1.21.1\Touhou-Little-Maid--Beacon-main\build.gradle" value="true" />
        <entry key="E:\neoForge__1.21.1\Touhou-Little-Maid--Beacon-main\gradlew.bat" value="true" />
      </map>
    </option>
  </component>
  <component name="Trusted.Paths.Settings">
    <option name="TRUSTED_PATHS">
      <list>
        <option value="E:\neoForge" />
        <option value="E:\neoForge__1.21.1\Touhou-Little-Maid--Beacon-main" />
        <option value="E:\neoForge__1.21.1" />
        <option value="E:\mcMod__DaZi\neoForge__1.21.1" />
      </list>
    </option>
  </component>
</application>