<application>
  <component name="com.intellij.ide.ui.customization.CustomActionsSchema">
    <group value="RunTab.TopToolbar.Old" is_group="true" forse_popup="false" action_type="-1" position="24">
      <path value="root" />
    </group>
    <group value="XDebugger.Watches.Tree.Toolbar" is_group="true" forse_popup="false" action_type="-1" position="23">
      <path value="root" />
    </group>
    <group value="XDebugger.ToolWindow.TopToolbar" is_group="true" forse_popup="false" action_type="-1" position="22">
      <path value="root" />
    </group>
    <group value="XDebugger.ToolWindow.LeftToolbar" is_group="true" forse_popup="false" action_type="-1" position="21">
      <path value="root" />
    </group>
    <group value="PY.Tables.Right.Toolbar.Customize.Actions.Group" is_group="true" forse_popup="false" action_type="-1" position="20">
      <path value="root" />
    </group>
    <group value="Floating.CodeToolbar" is_group="true" forse_popup="false" action_type="-1" position="19">
      <path value="root" />
    </group>
    <group value="Vcs.FileHistory.Toolbar" is_group="true" forse_popup="false" action_type="-1" position="18">
      <path value="root" />
    </group>
    <group value="Console.TableResult.FloatingToolbarGroup" is_group="true" forse_popup="false" action_type="-1" position="17">
      <path value="root" />
    </group>
    <group value="ChangesViewToolbar" is_group="true" forse_popup="false" action_type="-1" position="16">
      <path value="root" />
    </group>
    <group value="Vcs.Log.ChangesBrowser.Toolbar" is_group="true" forse_popup="false" action_type="-1" position="15">
      <path value="root" />
    </group>
    <group value="Vcs.Log.Toolbar.RightCorner" is_group="true" forse_popup="false" action_type="-1" position="14">
      <path value="root" />
    </group>
    <group value="Vcs.Operations.Popup" is_group="true" forse_popup="false" action_type="-1" position="13">
      <path value="root" />
    </group>
    <group value="Floating.CodeToolbar.SQL" is_group="true" forse_popup="false" action_type="-1" position="12">
      <path value="root" />
    </group>
    <group value="Markdown.Toolbar.Floating" is_group="true" forse_popup="false" action_type="-1" position="11">
      <path value="root" />
    </group>
    <group value="JupyterEditorLeftToolbarCustomizeActionsGroup" is_group="true" forse_popup="false" action_type="-1" position="10">
      <path value="root" />
    </group>
    <group value="JupyterCodeCellToolbarCustomizeActionsGroup" is_group="true" forse_popup="false" action_type="-1" position="9">
      <path value="root" />
    </group>
    <group value="NavbarPopupMenu" is_group="true" forse_popup="false" action_type="-1" position="7">
      <path value="root" />
    </group>
    <group value="ScopeViewPopupMenu" is_group="true" forse_popup="false" action_type="-1" position="6">
      <path value="root" />
    </group>
    <group value="ProjectViewPopupMenu" is_group="true" forse_popup="false" action_type="-1" position="5">
      <path value="root" />
    </group>
    <group value="EditorTabPopupMenu" is_group="true" forse_popup="false" action_type="-1" position="4">
      <path value="root" />
    </group>
    <group value="EditorGutterPopupMenu" is_group="true" forse_popup="false" action_type="-1" position="3">
      <path value="root" />
    </group>
    <group value="EditorPopupMenu" is_group="true" forse_popup="false" action_type="-1" position="2">
      <path value="root" />
    </group>
    <group value="MainToolBar" is_group="true" forse_popup="false" action_type="-1" position="1">
      <path value="root" />
    </group>
    <group value="MainMenu" is_group="true" forse_popup="false" action_type="-1" position="0">
      <path value="root" />
    </group>
    <group value="BuildMenu" is_group="true" forse_popup="true" action_type="1" position="1">
      <path value="root" />
      <path value="导航栏工具栏" />
      <path value="工具栏运行操作" />
      <path value="工具栏 Make 操作" />
    </group>
    <action id="BuildMenu" icon="jar:file:/C:/Program%20Files/JetBrains/IntelliJ%20IDEA%202025.3.2/lib/app.jar!/toolbar/unknown.svg" />
  </component>
</application>