<application>
  <component name="DimensionService">
    <location key="find.popup.0.0.3521.2139@120dpi" x="922" y="106" />
    <size key="GridCell.Tab.0.left.0.0.3521.2139@144dpi" width="3453" height="550" />
    <size key="GridCell.Tab.0.center.0.0.3521.2139@144dpi" width="3453" height="550" />
    <size key="GridCell.Tab.0.right.0.0.3521.2139@144dpi" width="3453" height="550" />
    <size key="GridCell.Tab.0.bottom.0.0.3521.2139@144dpi" width="3453" height="550" />
    <size key="GridCell.Tab.0.left.0.0.3521.2139" width="3476" height="277" />
    <size key="GridCell.Tab.0.center.0.0.3521.2139" width="3476" height="277" />
    <size key="GridCell.Tab.0.right.0.0.3521.2139" width="3476" height="277" />
    <size key="GridCell.Tab.0.bottom.0.0.3521.2139" width="3476" height="277" />
    <size key="GridCell.Tab.0.left.0.0.3521.2139@120dpi" width="3431" height="567" />
    <size key="GridCell.Tab.0.center.0.0.3521.2139@120dpi" width="3431" height="567" />
    <size key="GridCell.Tab.0.right.0.0.3521.2139@120dpi" width="3431" height="567" />
    <size key="GridCell.Tab.0.bottom.0.0.3521.2139@120dpi" width="3431" height="567" />
    <size key="GridCell.Tab.1.left.0.0.3521.2139@120dpi" width="3464" height="683" />
    <size key="GridCell.Tab.1.center.0.0.3521.2139@120dpi" width="3464" height="683" />
    <size key="GridCell.Tab.1.right.0.0.3521.2139@120dpi" width="3464" height="683" />
    <size key="GridCell.Tab.1.bottom.0.0.3521.2139@120dpi" width="3464" height="683" />
    <size key="find.popup.0.0.3521.2139@120dpi" width="862" height="774" />
  </component>
  <component name="WindowManager">
    <frame x="1060" y="430" width="1400" height="1000" extendedState="6" />
  </component>
  <component name="WindowStateApplicationService">
    <state width="668" height="588" key="ShowUsagesActions.dimensionServiceKey" timestamp="1771741408325">
      <screen x="0" y="0" width="3521" height="1861" />
    </state>
    <state width="664" height="108" key="ShowUsagesActions.dimensionServiceKey/-2560.0.2560.1100/0.0.3521.1799" timestamp="1770796775869" />
    <state width="668" height="588" key="ShowUsagesActions.dimensionServiceKey/-2560.0.2560.1162/0.0.3521.1861" timestamp="1771741408325" />
  </component>
</application>